{"cameraMode":{"drawMode":0,"name":"Shaded","section":"Shading Mode"},"sceneLighting":true,"audioPlay":false,"sceneViewState":{"showFog":true,"showMaterialUpdate":false,"showSkybox":false,"showFlares":true,"showImageEffects":true,"showParticleSystems":true},"in2DMode":false,"pivot":{"x":-22.34593963623047,"y":-25.12656593322754,"z":-8.250955581665039},"rotation":{"x":-0.0028760700952261688,"y":0.9965305924415588,"z":-0.07368670403957367,"w":-0.03889894485473633},"size":63.761985778808597,"orthographic":false}